Model,Total_Test_Reward,Avg_Reward_per_step
PPO,52.0,0.7428571428571429
A2C,54.0,0.7714285714285715
DQN,56.0,0.8
SAC,-276230.5848091226,-3946.1512115588944
DDPG,-701406.8994140625,-10020.098563058036
