Model,Accuracy,Precision,Recall,F1
RandomForest,0.9,0.7058823529411764,0.5634920634920635,0.5843935538592027
XGBoost,0.8857142857142857,0.6218905472636815,0.5555555555555556,0.5692307692307692
SVM,0.9,0.45,0.5,0.47368421052631576
LogisticRegression,0.9,0.45,0.5,0.47368421052631576
KNN,0.8857142857142857,0.4492753623188406,0.49206349206349204,0.4696969696969697
TPOT,0.9,0.45,0.5,0.47368421052631576
